split,half,n_subj,n_pairs,n_tests,n_reject,rej_rate,median_z,d20,o20,d50,o50,n_diag,n_off,holds
0,A,368,91,227500,1703,0.007485714285714286,0.7377149489577248,40,0,1,0,50,2450,True
0,B,374,91,227500,1643,0.007221978021978022,0.7154623298267385,40,0,0,0,50,2450,True
1,A,368,91,227500,1580,0.006945054945054945,0.7153011178041719,38,0,0,0,50,2450,True
1,B,374,91,227500,1752,0.007701098901098901,0.7206496561979614,39,0,1,0,50,2450,True
2,A,368,91,227500,1644,0.007226373626373626,0.7299645106932544,38,0,1,0,50,2450,True
2,B,374,91,227500,1712,0.007525274725274725,0.7289062666004829,41,0,1,0,50,2450,True
3,A,368,91,227500,1511,0.006641758241758242,0.715710396741664,41,0,0,0,50,2450,True
3,B,374,91,227500,1653,0.007265934065934066,0.7215984964703577,42,0,0,0,50,2450,True
4,A,368,91,227500,1683,0.0073978021978021976,0.7288904100060203,43,0,1,0,50,2450,True
4,B,374,91,227500,1645,0.007230769230769231,0.7264305642508022,42,0,0,0,50,2450,True
5,A,368,91,227500,1599,0.007028571428571428,0.7212566335761323,42,0,1,0,50,2450,True
5,B,374,91,227500,1589,0.006984615384615384,0.7256771538724149,37,0,0,0,50,2450,True
6,A,368,91,227500,1655,0.007274725274725275,0.7336681355884533,40,0,1,0,50,2450,True
6,B,374,91,227500,1566,0.006883516483516484,0.7116819726014367,40,0,1,0,50,2450,True
7,A,368,91,227500,1542,0.006778021978021978,0.7230115284194403,39,0,0,0,50,2450,True
7,B,374,91,227500,1592,0.006997802197802197,0.7308308133415208,41,0,0,0,50,2450,True
8,A,368,91,227500,1562,0.006865934065934066,0.7143606878095424,39,0,1,0,50,2450,True
8,B,374,91,227500,1673,0.0073538461538461535,0.718292528050141,42,0,0,0,50,2450,True
9,A,368,91,227500,1674,0.007358241758241758,0.7252454141435211,41,0,1,0,50,2450,True
9,B,374,91,227500,1709,0.007512087912087912,0.7256029926181586,45,0,0,0,50,2450,True
10,A,368,91,227500,1551,0.006817582417582417,0.7173443114062238,39,0,1,0,50,2450,True
10,B,374,91,227500,1723,0.007573626373626374,0.7295347124960627,41,0,1,0,50,2450,True
11,A,368,91,227500,1543,0.006782417582417583,0.7284093084594878,38,0,1,0,50,2450,True
11,B,374,91,227500,1730,0.007604395604395605,0.7220420908193574,42,0,1,0,50,2450,True
12,A,368,91,227500,1606,0.007059340659340659,0.7196851174891703,39,0,0,0,50,2450,True
12,B,374,91,227500,1638,0.0072,0.7093575412922783,42,0,1,0,50,2450,True
13,A,368,91,227500,1559,0.006852747252747253,0.711047176062034,38,0,0,0,50,2450,True
13,B,374,91,227500,1722,0.007569230769230769,0.7212390834460674,43,0,1,0,50,2450,True
14,A,368,91,227500,1685,0.007406593406593407,0.7232652730323594,42,0,1,0,50,2450,True
14,B,374,91,227500,1698,0.007463736263736264,0.7243491085808973,41,0,1,0,50,2450,True
15,A,368,91,227500,1606,0.007059340659340659,0.7300233949874724,42,0,2,0,50,2450,True
15,B,374,91,227500,1551,0.006817582417582417,0.7128023920664925,43,0,0,0,50,2450,True
16,A,368,91,227500,1641,0.007213186813186813,0.7215995251015084,39,0,0,0,50,2450,True
16,B,374,91,227500,1647,0.007239560439560439,0.7213126400203784,43,0,0,0,50,2450,True
17,A,368,91,227500,1634,0.007182417582417582,0.7299747491447863,42,0,0,0,50,2450,True
17,B,374,91,227500,1669,0.007336263736263737,0.7178840011629244,39,0,1,0,50,2450,True
18,A,368,91,227500,1686,0.007410989010989011,0.7178103931822069,41,0,0,0,50,2450,True
18,B,374,91,227500,1799,0.007907692307692308,0.7327739245133768,41,0,1,0,50,2450,True
19,A,368,91,227500,1613,0.00709010989010989,0.7241464747578773,37,0,1,0,50,2450,True
19,B,374,91,227500,1727,0.0075912087912087915,0.7292462811135684,43,0,0,0,50,2450,True
20,A,368,91,227500,1574,0.006918681318681319,0.7239943688242994,38,0,0,0,50,2450,True
20,B,374,91,227500,1648,0.007243956043956044,0.7166218988943751,44,0,0,0,50,2450,True
21,A,368,91,227500,1602,0.007041758241758241,0.7110062816719527,41,0,1,0,50,2450,True
21,B,374,91,227500,1707,0.0075032967032967034,0.7176416763647193,42,0,0,0,50,2450,True
22,A,368,91,227500,1680,0.0073846153846153844,0.7196773791685624,40,0,1,0,50,2450,True
22,B,374,91,227500,1782,0.007832967032967033,0.7217808684699243,42,0,1,0,50,2450,True
23,A,368,91,227500,1629,0.00716043956043956,0.7262333726581223,36,0,0,0,50,2450,True
23,B,374,91,227500,1769,0.007775824175824176,0.7336603566017341,43,0,1,0,50,2450,True
24,A,368,91,227500,1538,0.00676043956043956,0.7102739661587953,40,0,1,0,50,2450,True
24,B,374,91,227500,1702,0.007481318681318681,0.7216575217083563,42,0,1,0,50,2450,True
25,A,368,91,227500,1660,0.007296703296703296,0.7245459599955393,38,0,1,0,50,2450,True
25,B,374,91,227500,1812,0.007964835164835165,0.7295050776277031,42,0,0,0,50,2450,True
26,A,368,91,227500,1789,0.007863736263736263,0.7174465494808113,41,0,1,0,50,2450,True
26,B,374,91,227500,1547,0.0068,0.7058478511867616,41,0,0,0,50,2450,True
27,A,368,91,227500,1581,0.0069494505494505495,0.72583087549122,42,0,1,0,50,2450,True
27,B,374,91,227500,1696,0.007454945054945055,0.7225458217119156,42,0,0,0,50,2450,True
28,A,368,91,227500,1725,0.007582417582417582,0.7082876686204722,44,0,0,0,50,2450,True
28,B,374,91,227500,1620,0.007120879120879121,0.7268488026993842,40,0,0,0,50,2450,True
29,A,368,91,227500,1620,0.007120879120879121,0.7097993110403121,41,0,1,0,50,2450,True
29,B,374,91,227500,1626,0.007147252747252747,0.7187729567157732,41,0,1,0,50,2450,True
30,A,368,91,227500,1606,0.007059340659340659,0.7125322913540624,42,0,0,0,50,2450,True
30,B,374,91,227500,1647,0.007239560439560439,0.7236612822650375,41,0,1,0,50,2450,True
31,A,368,91,227500,1642,0.007217582417582418,0.7165743935828577,41,0,0,0,50,2450,True
31,B,374,91,227500,1669,0.007336263736263737,0.7169228365665445,41,0,1,0,50,2450,True
32,A,368,91,227500,1586,0.006971428571428571,0.7114706337934393,38,0,1,0,50,2450,True
32,B,374,91,227500,1792,0.007876923076923076,0.7233635586890621,43,0,0,0,50,2450,True
33,A,368,91,227500,1721,0.007564835164835164,0.732603735015974,40,0,0,0,50,2450,True
33,B,374,91,227500,1621,0.007125274725274725,0.7155252586354013,39,0,1,0,50,2450,True
34,A,368,91,227500,1583,0.006958241758241758,0.7150546387702656,41,0,1,0,50,2450,True
34,B,374,91,227500,1634,0.007182417582417582,0.7141892116569755,42,0,0,0,50,2450,True
35,A,368,91,227500,1566,0.006883516483516484,0.729878428260772,40,0,0,0,50,2450,True
35,B,374,91,227500,1757,0.007723076923076923,0.7314296290257343,39,0,1,0,50,2450,True
36,A,368,91,227500,1590,0.006989010989010989,0.7227605697962565,41,0,1,0,50,2450,True
36,B,374,91,227500,1639,0.0072043956043956045,0.7195702128573201,40,0,0,0,50,2450,True
37,A,368,91,227500,1656,0.007279120879120879,0.7253778037880889,40,0,0,0,50,2450,True
37,B,374,91,227500,1676,0.007367032967032967,0.7205099940196287,43,0,1,0,50,2450,True
38,A,368,91,227500,1571,0.0069054945054945055,0.720937019955328,37,0,1,0,50,2450,True
38,B,374,91,227500,1669,0.007336263736263737,0.7136532367483845,40,0,1,0,50,2450,True
39,A,368,91,227500,1613,0.00709010989010989,0.7226498318587005,40,0,1,0,50,2450,True
39,B,374,91,227500,1683,0.0073978021978021976,0.7240296079107436,42,0,1,0,50,2450,True
40,A,368,91,227500,1655,0.007274725274725275,0.7344922681554034,41,0,1,0,50,2450,True
40,B,374,91,227500,1584,0.006962637362637363,0.7128681561779129,41,0,0,0,50,2450,True
41,A,368,91,227500,1727,0.0075912087912087915,0.7294997789224289,43,0,1,0,50,2450,True
41,B,374,91,227500,1605,0.0070549450549450545,0.7163089026981251,39,0,0,0,50,2450,True
42,A,368,91,227500,1526,0.006707692307692308,0.7223669706780598,37,0,1,0,50,2450,True
42,B,374,91,227500,1642,0.007217582417582418,0.7124410710311206,44,0,0,0,50,2450,True
43,A,368,91,227500,1557,0.006843956043956044,0.7140927909471977,40,0,0,0,50,2450,True
43,B,374,91,227500,1740,0.007648351648351649,0.7279527681579744,44,0,1,0,50,2450,True
44,A,368,91,227500,1681,0.007389010989010989,0.7306817792497708,40,0,0,0,50,2450,True
44,B,374,91,227500,1668,0.007331868131868132,0.719615580589799,45,0,1,0,50,2450,True
45,A,368,91,227500,1729,0.0076,0.7236133964416545,41,0,1,0,50,2450,True
45,B,374,91,227500,1501,0.006597802197802198,0.7241872050980496,41,0,0,0,50,2450,True
46,A,368,91,227500,1648,0.007243956043956044,0.7241910983076442,39,0,2,0,50,2450,True
46,B,374,91,227500,1620,0.007120879120879121,0.7156035687501971,43,0,0,0,50,2450,True
47,A,368,91,227500,1585,0.006967032967032967,0.726763170611894,38,0,1,0,50,2450,True
47,B,374,91,227500,1750,0.007692307692307693,0.7348176266339463,42,0,1,0,50,2450,True
48,A,368,91,227500,1668,0.007331868131868132,0.7212172725344255,42,0,1,0,50,2450,True
48,B,374,91,227500,1643,0.007221978021978022,0.721760056042106,38,0,0,0,50,2450,True
49,A,368,91,227500,1746,0.007674725274725275,0.7328052421540735,40,0,1,0,50,2450,True
49,B,374,91,227500,1716,0.007542857142857143,0.7167242891526925,41,0,1,0,50,2450,True
